train/loss,epoch,train/recon_error,step,val/loss,val/recon_error
2.2358155250549316,0,1.0943866968154907,49,,
,0,,56,13.943989753723145,1.211102843284607
