epoch,train/loss,step,train/recon_error,val/loss,val/recon_error
0,2.427018880844116,49,1.0735386610031128,,
0,,53,,24.277027130126953,1.287068486213684
