train/loss,epoch,train/recon_error,step,val/loss,val/recon_error
2.277442693710327,0,1.1229608058929443,49,,
,0,,56,22.604158401489258,1.1720956563949585
