epoch,train/recon_error,step,train/loss
0,1.0360275506973267,49,2.0617456436157227
0,0.7882899045944214,99,1.7521344423294067
