epoch,train/loss,step,train/recon_error,val/loss,val/recon_error
0,1.998737096786499,49,1.0623408555984497,,
0,,53,,50.02699661254883,1.3381558656692505
